index,mut_chain,dg,dg_less,pdb_location_x,mut_x,wt,chain_x,wildtype,ddg_bind,mutation,loc,antibody_id_x,location,chain_y,aa_x,wild_type,coefficient,pdb,pdb_location_y,fasta_location,aa_y,antibody_id_y,aa_three,wt_pdb_foldx,wt_pdb,mut_y
32,TYRH58K,1.64143,1.89385,58,YH58K,YH58,H,False,-0.2524200000000001,K,,COVA2-39,57,H,Y,True,116.54090920480982,7JMP,58,57,Y,COVA2-39,TYR,YH58a,YH58,YH58Y
31,TYRH58M,1.0504799999999999,1.2853299999999999,58,YH58M,YH58,H,False,-0.23485,M,,COVA2-39,57,H,Y,True,116.54090920480982,7JMP,58,57,Y,COVA2-39,TYR,YH58a,YH58,YH58Y
27,TYRH58R,1.63489,1.75973,58,YH58R,YH58,H,False,-0.12484000000000005,R,,COVA2-39,57,H,Y,True,116.54090920480982,7JMP,58,57,Y,COVA2-39,TYR,YH58a,YH58,YH58Y
53,ASPH101E,0.242792,0.381287,101,DH101E,DH101,H,False,-0.13849499999999998,E,1.0,COVA2-39,110,H,D,True,84.37080718639051,7JMP,101,110,D,COVA2-39,ASP,DH101a,DH101,DH101D
46,ASPH101P,3.9718,4.0529,101,DH101P,DH101,H,False,-0.08110000000000017,P,1.0,COVA2-39,110,H,D,True,84.37080718639051,7JMP,101,110,D,COVA2-39,ASP,DH101a,DH101,DH101D
57,ASPH101Y,-0.336359,-0.257241,101,DH101Y,DH101,H,False,-0.07911800000000002,Y,1.0,COVA2-39,110,H,D,True,84.37080718639051,7JMP,101,110,D,COVA2-39,ASP,DH101a,DH101,DH101D
44,ASPH101V,-1.01748,-0.9388,101,DH101V,DH101,H,False,-0.07867999999999997,V,1.0,COVA2-39,110,H,D,True,84.37080718639051,7JMP,101,110,D,COVA2-39,ASP,DH101a,DH101,DH101D
45,ASPH101I,-1.38785,-1.30972,101,DH101I,DH101,H,False,-0.07813000000000002,I,1.0,COVA2-39,110,H,D,True,84.37080718639051,7JMP,101,110,D,COVA2-39,ASP,DH101a,DH101,DH101D
58,ASPH101F,-0.6098399999999999,-0.532108,101,DH101F,DH101,H,False,-0.07773199999999991,F,1.0,COVA2-39,110,H,D,True,84.37080718639051,7JMP,101,110,D,COVA2-39,ASP,DH101a,DH101,DH101D
48,ASPH101T,-0.059087199999999986,0.016058199999999998,101,DH101T,DH101,H,False,-0.07514539999999999,T,1.0,COVA2-39,110,H,D,True,84.37080718639051,7JMP,101,110,D,COVA2-39,ASP,DH101a,DH101,DH101D
41,ASPH101G,1.3689200000000001,1.4439600000000001,101,DH101G,DH101,H,False,-0.07504,G,1.0,COVA2-39,110,H,D,True,84.37080718639051,7JMP,101,110,D,COVA2-39,ASP,DH101a,DH101,DH101D
