index,mut_chain,dg,dg_less,pdb_location_x,mut_x,wt,chain_x,wildtype,ddg_bind,mutation,loc,antibody_id,location,chain_y,aa_x,wild_type,coefficient,pdb,pdb_location_y,fasta_location,aa_y,aa_three,wt_pdb_foldx,wt_pdb,mut_y
6,PHEH27P,0.41666099999999995,2.1091,27,FH27P,FH27,H,False,-1.6924390000000002,P,,C105,26,H,F,True,257.14953417476096,6XCM,27,26,F,PHE,FH27a,FH27,FH27F
2,PHEH27A,0.118806,1.3624399999999999,27,FH27A,FH27,H,False,-1.243634,A,,C105,26,H,F,True,257.14953417476096,6XCM,27,26,F,PHE,FH27a,FH27,FH27F
9,PHEH27S,0.221766,1.3837700000000002,27,FH27S,FH27,H,False,-1.1620040000000005,S,,C105,26,H,F,True,257.14953417476096,6XCM,27,26,F,PHE,FH27a,FH27,FH27F
8,PHEH27T,-0.440586,0.689449,27,FH27T,FH27,H,False,-1.130035,T,,C105,26,H,F,True,257.14953417476096,6XCM,27,26,F,PHE,FH27a,FH27,FH27F
10,PHEH27C,-0.33570300000000003,0.72034,27,FH27C,FH27,H,False,-1.056043,C,,C105,26,H,F,True,257.14953417476096,6XCM,27,26,F,PHE,FH27a,FH27,FH27F
4,PHEH27V,-1.06566,-0.154777,27,FH27V,FH27,H,False,-0.910883,V,,C105,26,H,F,True,257.14953417476096,6XCM,27,26,F,PHE,FH27a,FH27,FH27F
1,PHEH27G,1.59499,2.41157,27,FH27G,FH27,H,False,-0.8165800000000003,G,,C105,26,H,F,True,257.14953417476096,6XCM,27,26,F,PHE,FH27a,FH27,FH27F
11,PHEH27M,-0.358831,0.39167199999999996,27,FH27M,FH27,H,False,-0.7505029999999999,M,,C105,26,H,F,True,257.14953417476096,6XCM,27,26,F,PHE,FH27a,FH27,FH27F
15,PHEH27D,1.94452,2.20466,27,FH27D,FH27,H,False,-0.26014000000000004,D,,C105,26,H,F,True,257.14953417476096,6XCM,27,26,F,PHE,FH27a,FH27,FH27F
53,ASPH101Q,-1.52031,-1.23223,101,DH101Q,DH101,H,False,-0.2880800000000001,Q,1.0,C105,105,H,D,True,84.37080718639051,6XCM,101,105,D,ASP,DH101a,DH101,DH101D
55,ASPH101W,-1.3663,-1.24179,101,DH101W,DH101,H,False,-0.12451000000000012,W,1.0,C105,105,H,D,True,84.37080718639051,6XCM,101,105,D,ASP,DH101a,DH101,DH101D
