index,mut_chain,dg,dg_less,pdb_location,mut,wt,chain,wildtype,ddg_bind,mutation,loc
7,TYRH58R,-0.08942810000000001,0.385918,58,YH58R,YH58,H,False,-0.47534609999999994,R,
16,TYRH58N,1.08685,1.43648,58,YH58N,YH58,H,False,-0.3496299999999999,N,
57,ASPH95Y,2.24133,2.43098,95,DH95Y,DH95,H,False,-0.18964999999999987,Y,
18,TYRH58F,-0.429043,-0.330152,58,YH58F,YH58,H,False,-0.09889099999999999,F,
17,TYRH58W,0.058764599999999986,0.156521,58,YH58W,YH58,H,False,-0.0977564,W,
11,TYRH58M,-0.682085,-0.661104,58,YH58M,YH58,H,False,-0.020981000000000027,M,
15,TYRH58D,1.23995,1.24142,58,YH58D,YH58,H,False,-0.0014699999999998605,D,
0,TYRH58Y,0.0,0.0,58,YH58Y,YH58,H,True,0.0,Y,
40,ASPH95D,0.0,0.0,95,DH95D,DH95,H,True,0.0,D,
20,ASPH101D,0.0,0.0,101,DH101D,DH101,H,True,0.0,D,1
6,TYRH58P,3.0748,3.07372,58,YH58P,YH58,H,False,0.0010799999999999699,P,
