chain_antibody,number_antibody,residue_antibody,closest distance,chain_virus,number_virus,residue_virus
H,27,TYR,3.8906953106096616,C,370,ASN
H,28,GLY,3.8198153096714034,C,370,ASN
H,30,ILE,3.5535003869424306,C,377,PHE
H,31,THR,3.5498125302612884,C,377,PHE
H,52,TYR,3.9304859750417664,C,378,LYS
H,54,ASP,3.5618743661168053,C,378,LYS
H,56,GLU,3.9392808988443546,C,378,LYS
H,96,SER,3.114390470059915,C,384,PRO
H,97,GLY,3.537296142535997,C,379,CYS
H,98,ILE,2.95283948090647,C,379,CYS
H,99,SER,3.6501923237002134,C,381,GLY
H,100,THR,3.4085442640517325,C,382,VAL
H,101,ASP,3.7451432549369943,C,386,LYS
L,27,SER,3.4848047291060675,C,517,LEU
L,32,TYR,3.452144985367791,C,381,GLY
L,46,LEU,3.8890804825819694,C,386,LYS
L,49,TYR,3.8897380374518793,C,386,LYS
L,50,TRP,3.70092812683521,C,381,GLY
L,55,GLU,2.9644648758249863,C,386,LYS
A,27,GLN,3.775200789362067,C,502,GLY
A,28,GLY,3.8034268758581424,C,502,GLY
A,29,ILE,3.9681103815292245,C,505,TYR
A,30,SER,3.5875722989230487,C,501,ASN
A,32,TYR,3.970961218647189,C,505,TYR
A,67,SER,3.39893880498017,C,498,GLN
A,90,GLN,3.824389493762366,C,505,TYR
A,91,LEU,2.983788531380872,C,505,TYR
A,92,ASN,3.1809133908360354,C,403,ARG
A,94,TYR,3.3237171961525207,C,405,ASP
B,2,VAL,3.5769575060377785,C,486,PHE
B,26,GLY,3.777965193063589,C,487,ASN
B,27,LEU,3.7679339166179653,C,487,ASN
B,28,THR,3.1403994968793385,C,475,ALA
B,31,SER,3.5476060942556766,C,473,TYR
B,32,ASN,3.7168453021345935,C,475,ALA
B,33,TYR,3.4675582186893403,C,455,LEU
B,52,TYR,3.2847168827769586,C,421,TYR
B,53,SER,3.466043998566667,C,421,TYR
B,54,GLY,3.118323427741259,C,421,TYR
B,56,SER,3.2603637833836903,C,420,ASP
B,58,PHE,3.6535971315951072,C,415,THR
B,94,ARG,3.578474116156213,C,487,ASN
B,96,LEU,3.987954989715911,C,455,LEU
B,97,ASP,3.630306185433951,C,455,LEU
B,98,VAL,3.6268777205745466,C,493,GLN
B,99,TYR,3.661720906896096,C,493,GLN
B,101,ASP,3.9461221471211427,C,486,PHE
