chain_antibody,number_antibody,residue_antibody,closest distance,chain_virus,number_virus,residue_virus
H,26,GLY,3.8883304900689666,C,487,ASN
H,27,PHE,3.1356914707923687,C,487,ASN
H,28,THR,3.9504547839457698,C,476,GLY
H,31,SER,3.78272216796315,C,473,TYR
H,32,ASN,3.6919920097421492,C,473,TYR
H,33,TYR,3.9131098885668827,C,456,PHE
H,52,TYR,3.502331509152161,C,421,TYR
H,53,SER,3.5652900302780384,C,421,TYR
H,54,GLY,3.494168999919727,C,421,TYR
H,58,TYR,3.4880541853589317,C,415,THR
H,75,LYS,3.1375667323580596,C,476,GLY
H,98,TRP,3.860264369185112,C,505,TYR
H,99,GLU,3.0212173043328017,C,505,TYR
H,100,LEU,3.4749027324516644,C,456,PHE
H,102,TYR,3.253620291306276,C,486,PHE
N,27,PHE,3.6573385131814145,B,475,ALA
N,28,THR,3.8867932798130393,B,477,SER
N,30,SER,3.967258373234598,B,458,LYS
N,31,SER,3.9800273868404554,B,458,LYS
N,32,ASN,2.7699967509006007,B,475,ALA
N,33,TYR,3.544845271658535,B,455,LEU
N,52,TYR,3.4394467578376635,B,417,LYS
N,53,SER,3.7649632136316944,B,458,LYS
N,54,GLY,3.1878499023636473,B,421,TYR
N,94,ARG,3.665577171469711,B,489,TYR
N,96,GLU,3.7218512866583136,B,417,LYS
N,98,TRP,3.9339763598679642,B,417,LYS
N,99,GLU,3.9525952233943817,B,455,LEU
N,100,LEU,3.4361324188686146,B,456,PHE
L,28,GLY,3.412590511620161,C,502,GLY
L,29,GLY,3.219423240271454,C,502,GLY
L,30,TYR,3.593352473665786,C,505,TYR
L,91,TYR,3.9887553196454735,C,405,ASP
L,93,GLY,3.7621298489020916,C,405,ASP
L,95,ASN,3.768637552219642,C,408,ARG
S,29,GLY,3.4931867971810373,B,502,GLY
S,30,TYR,3.5838646737844364,B,505,TYR
S,31,LYS,3.00729878794908,B,501,ASN
S,32,TYR,3.8343322756380864,B,505,TYR
S,91,TYR,3.216422391415653,B,505,TYR
S,93,GLY,3.255460643288449,B,403,ARG
