chain_antibody,number_antibody,residue_antibody,closest distance,chain_virus,number_virus,residue_virus
H,2,VAL,4.884746666921429,E,486,PHE
H,26,GLY,5.469783725157696,E,477,SER
H,27,VAL,4.804134053083865,E,487,ASN
H,28,ILE,3.352134543839195,E,475,ALA
H,29,VAL,5.91957185951822,E,475,ALA
H,30,SER,5.39947488187509,E,473,TYR
H,31,SER,4.828560655102099,E,473,TYR
H,32,ASN,4.464275305130723,E,473,TYR
H,33,TYR,5.895314156175225,E,456,PHE
H,52,TYR,5.60230961300783,E,421,TYR
H,53,SER,3.438746283167745,E,421,TYR
H,54,GLY,2.984855942922539,E,421,TYR
H,55,GLY,4.487428105273667,E,460,ASN
H,56,SER,5.107517890325982,E,420,ASP
H,57,THR,5.936137043566299,E,415,THR
H,58,TYR,5.7716102605772015,E,415,THR
H,71,ARG,5.742652610074896,E,458,LYS
H,94,ARG,5.319519057208085,E,487,ASN
H,95,ASP,5.642358460785704,E,456,PHE
H,96,LEU,5.656030144898456,E,456,PHE
H,97,ASP,5.382486135606849,E,455,LEU
H,98,VAL,4.509472918202305,E,455,LEU
H,99,SER,4.465533898650869,E,455,LEU
H,101,ASP,5.792538648986298,E,486,PHE
H,102,VAL,4.768612586486764,E,486,PHE
L,2,ILE,4.854472679910764,E,505,TYR
L,27,SER,5.661470656993634,E,502,GLY
L,28,VAL,4.526630755871308,E,505,TYR
L,29,SER,3.654071154205949,E,505,TYR
L,30,SER,5.32920040906701,E,498,GLN
L,31,SER,5.377895685117,E,496,GLY
L,32,TYR,4.8589733483525155,E,505,TYR
L,56,THR,5.325246379276735,E,486,PHE
L,68,GLY,5.894497094748635,E,500,THR
L,90,GLN,5.846161903334536,E,505,TYR
L,91,TYR,5.712058298021827,E,505,TYR
L,92,GLY,4.392951968779084,E,505,TYR
L,93,SER,4.067037619693232,E,505,TYR
