chain_antibody,number_antibody,residue_antibody,closest distance,chain_virus,number_virus,residue_virus
H,2,VAL,3.8033370873484276,E,486,PHE
H,26,GLY,2.78034404345937,E,487,ASN
H,27,VAL,3.853849633807734,E,487,ASN
H,28,ILE,3.352134543839195,E,475,ALA
H,31,SER,3.4386324316506984,E,473,TYR
H,32,ASN,3.9971102061364285,E,475,ALA
H,33,TYR,3.613917126886006,E,455,LEU
H,52,TYR,3.405285744251134,E,421,TYR
H,53,SER,3.438746283167745,E,421,TYR
H,54,GLY,2.984855942922539,E,421,TYR
H,56,SER,3.494963519122909,E,420,ASP
H,58,TYR,3.65014643541873,E,415,THR
H,94,ARG,3.1881289183469352,E,487,ASN
H,96,LEU,3.830078458726397,E,456,PHE
H,97,ASP,3.995679041164339,E,417,LYS
H,98,VAL,3.612042358555608,E,493,GLN
H,99,SER,3.955373433697498,E,456,PHE
H,101,ASP,3.8249037896396807,E,486,PHE
L,27,SER,3.2993232639436827,E,505,TYR
L,28,VAL,3.9178949705166914,E,505,TYR
L,29,SER,3.654071154205949,E,505,TYR
L,32,TYR,3.732821051162242,E,403,ARG
L,92,GLY,3.6958042426513877,E,505,TYR
L,93,SER,3.248971221786982,E,505,TYR
