chain_antibody,number_antibody,residue_antibody,closest distance,chain_virus,number_virus,residue_virus
H,2,VAL,3.9480877649819304,A,486,PHE
H,26,GLY,3.9504694657723913,A,487,ASN
H,27,PHE,3.887703306580892,A,487,ASN
H,28,ILE,3.1894102903201382,A,475,ALA
H,30,SER,3.503114185977961,A,458,LYS
H,31,SER,3.565143194880118,A,458,LYS
H,32,ASN,3.571469445480389,A,475,ALA
H,33,TYR,3.9540756189026016,A,417,LYS
H,52,TYR,3.290616051744714,A,421,TYR
H,53,SER,3.5977662514399116,A,421,TYR
H,54,GLY,2.9082754339986456,A,421,TYR
H,56,SER,3.271567361372833,A,420,ASP
H,58,TYR,3.6137649342479317,A,415,THR
H,97,ARG,3.777723785561881,A,489,TYR
H,99,ALA,3.412664794555717,A,489,TYR
H,100,TYR,3.777112786242951,A,493,GLN
H,103,ASP,3.6628761922838726,A,486,PHE
L,2,ILE,3.7036978818472743,A,505,TYR
L,27,GLN,3.733367648651816,A,502,GLY
L,28,GLY,3.622290159553755,A,502,GLY
L,29,ILE,3.917717830574325,A,505,TYR
L,30,SER,3.514550895918288,A,501,ASN
L,32,TYR,3.7918305605604288,A,505,TYR
L,67,SER,2.882584257224759,A,498,GLN
L,90,GLN,3.8986831110004285,A,505,TYR
L,91,LEU,3.1793294890589725,A,505,TYR
L,92,ASN,3.4690356008550847,A,505,TYR
L,93,SER,3.6538609716298733,A,505,TYR
L,94,TYR,3.532055067520889,A,403,ARG
