chain_antibody,number_antibody,residue_antibody,closest distance,chain_virus,number_virus,residue_virus
H,2,VAL,3.2690766280404033,A,486,PHE
H,26,GLY,3.9781011802114836,A,487,ASN
H,27,PHE,3.774362727666752,A,487,ASN
H,28,THR,3.1264412676396165,A,475,ALA
H,31,SER,3.4560979442139668,A,473,TYR
H,32,ASN,3.935220832431139,A,475,ALA
H,33,TYR,3.9251392331992485,A,417,LYS
H,52,TYR,3.231093622908503,A,421,TYR
H,53,SER,3.4734289974029995,A,421,TYR
H,54,GLY,2.691909545285649,A,421,TYR
H,56,SER,3.2975741083408554,A,420,ASP
H,58,PHE,3.6703697361437566,A,415,THR
H,97,ARG,3.7115399768829045,A,487,ASN
H,99,LEU,3.8763328030498125,A,489,TYR
H,100,PRO,3.7249877852148736,A,455,LEU
H,101,MET,3.810590111780592,A,455,LEU
H,102,TYR,3.009234620297991,A,493,GLN
H,104,ASP,3.638386867830298,A,417,LYS
H,108,TYR,3.617203477826484,A,486,PHE
L,7,SER,3.1512148451033917,B,446,GLY
L,8,PRO,3.638425071373602,B,446,GLY
L,10,SER,3.803793501230056,B,445,VAL
L,11,LEU,3.5351588366012643,B,444,LYS
L,12,SER,3.233744269418966,B,444,LYS
L,15,VAL,3.858775194281209,B,346,ARG
L,16,GLY,3.9335894549380774,B,346,ARG
L,17,ASP,3.9678090931898424,B,346,ARG
L,18,ARG,3.2497386048727046,B,450,ASN
L,19,VAL,3.974245840407962,B,450,ASN
L,20,THR,3.335069714413779,B,450,ASN
L,22,THR,3.4246252349709767,B,449,TYR
L,30,SER,3.4438148904957155,A,505,TYR
L,32,TYR,3.2343138375859573,A,505,TYR
L,66,GLY,3.709835171540645,B,484,GLU
L,67,SER,3.8254763102128857,B,484,GLU
L,92,TYR,2.9528787648665826,A,403,ARG
L,94,THR,3.7764856679193155,A,405,ASP
L,95,PRO,3.656048550005869,A,408,ARG
C,2,VAL,3.3329926492568225,B,486,PHE
C,26,GLY,3.924335612559151,B,487,ASN
C,27,PHE,3.958301403379991,B,487,ASN
C,28,THR,3.229161655910089,B,475,ALA
C,31,SER,3.306458074737979,B,473,TYR
C,32,ASN,3.7400366308366553,B,475,ALA
C,33,TYR,3.8233698487067658,B,456,PHE
C,52,TYR,3.999064640637859,B,421,TYR
C,53,SER,3.3696529494890153,B,421,TYR
C,54,GLY,2.6407468640519105,B,421,TYR
C,56,SER,3.062088176392049,B,420,ASP
C,58,PHE,3.7652407625542352,B,416,GLY
C,97,ARG,3.653215159280931,B,487,ASN
C,99,LEU,3.866446818462658,B,489,TYR
C,100,PRO,3.9091183149144992,B,455,LEU
C,101,MET,3.9651232011124167,B,455,LEU
C,102,TYR,2.976200766077451,B,493,GLN
C,104,ASP,3.690913978948845,B,417,LYS
C,108,TYR,3.560606970728445,B,486,PHE
D,30,SER,3.438509124606187,B,505,TYR
D,32,TYR,3.6886839116411156,B,505,TYR
D,56,SER,3.1212524729665803,A,500,THR
D,92,TYR,3.0225930920320727,B,403,ARG
D,94,THR,3.807864756001717,B,405,ASP
D,95,PRO,3.870956083450189,B,408,ARG
