chain_antibody,number_antibody,residue_antibody,closest distance,chain_virus,number_virus,residue_virus
H,30,SER,3.81062317738188,A,493,GLN
H,31,SER,3.620698965669476,A,493,GLN
H,33,TYR,3.681303845107058,A,489,TYR
H,52,TYR,3.8257178411377923,A,484,GLU
H,53,THR,3.4231951448902245,A,484,GLU
H,54,GLY,2.846152490644168,A,484,GLU
H,55,GLY,3.6671210779029386,A,484,GLU
H,56,THR,3.389647474295817,A,484,GLU
H,58,TYR,3.551108700110431,A,484,GLU
H,73,ASN,3.426488727546031,A,449,TYR
H,74,SER,3.8497158336687685,A,449,TYR
H,100,ALA,3.1760272353995935,A,456,PHE
L,32,LEU,3.55880443407614,A,486,PHE
L,91,TYR,3.580046927066739,A,486,PHE
L,95,SER,3.920719449284784,A,486,PHE
L,96,TRP,3.6205179187514065,A,486,PHE
