chain_antibody,number_antibody,residue_antibody,closest distance,chain_virus,number_virus,residue_virus
H,30,SER,4.9469258130681535,A,493,GLN
H,31,SER,4.037392599190717,A,493,GLN
H,32,ASN,5.466336707521772,A,493,GLN
H,33,TYR,4.85236983339069,A,489,TYR
H,52,TYR,5.317886234209981,A,484,GLU
H,53,THR,3.4231951448902245,A,484,GLU
H,54,GLY,2.846152490644168,A,484,GLU
H,55,GLY,3.6671210779029386,A,484,GLU
H,56,THR,3.389647474295817,A,484,GLU
H,58,TYR,5.959560134775047,A,484,GLU
H,73,ASN,5.3058338647191,A,449,TYR
H,74,SER,3.8497158336687685,A,449,TYR
H,75,LYS,5.7569036816677785,A,446,GLY
H,97,VAL,5.746187953765524,A,489,TYR
H,100,ALA,5.34748211778216,A,456,PHE
L,30,TYR,5.441633118834826,A,478,THR
L,32,LEU,5.43610255605981,A,486,PHE
L,91,TYR,5.14017908248341,A,486,PHE
L,94,SER,5.925877909643432,A,486,PHE
L,95,SER,4.6543662296815445,A,486,PHE
L,96,TRP,5.931769719063609,A,486,PHE
