index,mut_chain,dg,dg_less,pdb_location,mut,wt,chain,wildtype,ddg_bind,mutation,loc
6,PHEH27P,0.416661,2.1091,27,FH27P,FH27,H,False,-1.6924390000000002,P,
2,PHEH27A,0.118806,1.36244,27,FH27A,FH27,H,False,-1.243634,A,
9,PHEH27S,0.221766,1.3837700000000002,27,FH27S,FH27,H,False,-1.1620040000000005,S,
8,PHEH27T,-0.440586,0.689449,27,FH27T,FH27,H,False,-1.1300350000000001,T,
10,PHEH27C,-0.33570300000000003,0.72034,27,FH27C,FH27,H,False,-1.056043,C,
4,PHEH27V,-1.06566,-0.154777,27,FH27V,FH27,H,False,-0.910883,V,
1,PHEH27G,1.59499,2.41157,27,FH27G,FH27,H,False,-0.8165800000000003,G,
11,PHEH27M,-0.358831,0.391672,27,FH27M,FH27,H,False,-0.7505029999999999,M,
53,ASPH101Q,-1.52031,-1.23223,101,DH101Q,DH101,H,False,-0.2880800000000001,Q,1
15,PHEH27D,1.94452,2.20466,27,FH27D,FH27,H,False,-0.26014000000000004,D,
55,ASPH101W,-1.3663,-1.24179,101,DH101W,DH101,H,False,-0.12451000000000012,W,1
