index,mut_chain,dg,dg_less,pdb_location,mut,wt,chain,wildtype,ddg_bind,loc
6,PHEH27P,0.416661,2.1091,27,FH27P,FH27,H,False,-1.6924390000000002,
2,PHEH27A,0.118806,1.36244,27,FH27A,FH27,H,False,-1.243634,
9,PHEH27S,0.221766,1.3837700000000002,27,FH27S,FH27,H,False,-1.1620040000000005,
8,PHEH27T,-0.440586,0.689449,27,FH27T,FH27,H,False,-1.1300350000000001,
10,PHEH27C,-0.33570300000000003,0.72034,27,FH27C,FH27,H,False,-1.056043,
4,PHEH27V,-1.06566,-0.154777,27,FH27V,FH27,H,False,-0.910883,
1,PHEH27G,1.59499,2.41157,27,FH27G,FH27,H,False,-0.8165800000000003,
11,PHEH27M,-0.358831,0.391672,27,FH27M,FH27,H,False,-0.7505029999999999,
53,ASPH101Q,-1.52031,-1.23223,101,DH101Q,DH101,H,False,-0.2880800000000001,1
15,PHEH27D,1.94452,2.20466,27,FH27D,FH27,H,False,-0.26014000000000004,
55,ASPH101W,-1.3663,-1.24179,101,DH101W,DH101,H,False,-0.12451000000000012,1
13,PHEH27E,1.75204,1.8696,27,FH27E,FH27,H,False,-0.11755999999999987,
3,PHEH27L,0.7797649999999999,0.801844,27,FH27L,FH27,H,False,-0.022079000000000067,
0,PHEH27F,0.0,0.0,27,FH27F,FH27,H,True,0.0,
19,TYRH58Y,0.0,0.0,58,YH58Y,YH58,H,True,0.0,
39,ASPH101D,0.0,0.0,101,DH101D,DH101,H,True,0.0,1
52,ASPH101E,-1.60234,-1.61466,101,DH101E,DH101,H,False,0.012320000000000109,1
37,TYRH58F,-0.220385,-0.261787,58,YH58F,YH58,H,False,0.041402,
23,TYRH58V,2.1408,2.03759,58,YH58V,YH58,H,False,0.1032099999999998,
41,ASPH101A,-1.01967,-1.24237,101,DH101A,DH101,H,False,0.2226999999999999,1
43,ASPH101V,-2.01871,-2.2488900000000003,101,DH101V,DH101,H,False,0.2301800000000003,1
56,ASPH101Y,-2.00207,-2.25304,101,DH101Y,DH101,H,False,0.2509699999999997,1
45,ASPH101P,-0.353416,-0.610324,101,DH101P,DH101,H,False,0.256908,1
49,ASPH101C,-0.351358,-0.611129,101,DH101C,DH101,H,False,0.25977100000000003,1
5,PHEH27I,0.785481,0.516154,27,FH27I,FH27,H,False,0.269327,
48,ASPH101S,-0.8928450000000001,-1.16408,101,DH101S,DH101,H,False,0.2712349999999999,1
54,ASPH101N,-0.8754940000000001,-1.1573,101,DH101N,DH101,H,False,0.2818059999999999,1
14,PHEH27Q,2.11429,1.82852,27,FH27Q,FH27,H,False,0.28576999999999986,
47,ASPH101T,-0.836884,-1.12363,101,DH101T,DH101,H,False,0.28674599999999995,1
44,ASPH101I,-2.36627,-2.68529,101,DH101I,DH101,H,False,0.3190200000000001,1
50,ASPH101M,-1.88379,-2.22476,101,DH101M,DH101,H,False,0.3409699999999998,1
42,ASPH101L,-2.70301,-3.072,101,DH101L,DH101,H,False,0.36899000000000015,1
