index,mut_chain,dg,dg_less,pdb_location,mut,wt,chain,wildtype,ddg_bind,mutation,loc
75,ASPH107Y,6.46465,9.95723,107,DH107Y,DH107,H,False,-3.492580000000001,Y,7
74,ASPH107W,5.37151,8.72231,107,DH107W,DH107,H,False,-3.3508000000000004,W,7
61,ASPH107L,2.77219,5.19909,107,DH107L,DH107,H,False,-2.4269,L,7
20,TYRH105G,4.65855,5.286969999999998,105,YH105G,YH105,H,False,-0.6284199999999993,G,5
28,TYRH105S,4.4370400000000005,5.059819999999998,105,YH105S,YH105,H,False,-0.6227799999999988,S,5
21,TYRH105A,3.40602,4.02717,105,YH105A,YH105,H,False,-0.6211500000000001,A,5
27,TYRH105T,3.88639,4.49258,105,YH105T,YH105,H,False,-0.6061900000000002,T,5
29,TYRH105C,3.09979,3.69613,105,YH105C,YH105,H,False,-0.5963400000000001,C,5
25,TYRH105P,5.60332,6.19448,105,YH105P,YH105,H,False,-0.5911600000000004,P,5
34,TYRH105D,5.92529,6.50051,105,YH105D,YH105,H,False,-0.5752199999999998,D,5
23,TYRH105V,1.76089,2.3329,105,YH105V,YH105,H,False,-0.5720099999999999,V,5
