mut_chain,dg,dg_less,pdb_location,mut,wt,chain,wildtype,ddg_bind,antibody
PHEH27F,0.0,0.0,27,FH27F,FH27,H,True,0.0,COVA2-39
PHEH27G,5.23621,4.88379,27,FH27G,FH27,H,False,0.3524199999999995,COVA2-39
PHEH27A,4.62893,4.27294,27,FH27A,FH27,H,False,0.35599000000000025,COVA2-39
PHEH27L,3.26553,2.74018,27,FH27L,FH27,H,False,0.52535,COVA2-39
PHEH27V,4.87306,4.4834,27,FH27V,FH27,H,False,0.3896600000000001,COVA2-39
PHEH27I,3.6266300000000005,3.2755400000000003,27,FH27I,FH27,H,False,0.3510900000000001,COVA2-39
PHEH27P,6.83126,6.53874,27,FH27P,FH27,H,False,0.29252000000000056,COVA2-39
PHEH27R,4.16554,3.78135,27,FH27R,FH27,H,False,0.3841899999999998,COVA2-39
PHEH27T,3.95033,3.62949,27,FH27T,FH27,H,False,0.32084,COVA2-39
PHEH27S,3.8311300000000004,3.80595,27,FH27S,FH27,H,False,0.025180000000000202,COVA2-39
PHEH27C,4.15888,3.8015,27,FH27C,FH27,H,False,0.35738000000000003,COVA2-39
PHEH27M,1.6119299999999999,1.28724,27,FH27M,FH27,H,False,0.3246899999999999,COVA2-39
PHEH27K,4.72841,4.31838,27,FH27K,FH27,H,False,0.4100299999999999,COVA2-39
PHEH27E,4.26159,3.91085,27,FH27E,FH27,H,False,0.35074000000000005,COVA2-39
PHEH27Q,4.35441,3.98987,27,FH27Q,FH27,H,False,0.36453999999999986,COVA2-39
PHEH27D,3.8006599999999997,3.4542699999999997,27,FH27D,FH27,H,False,0.34639,COVA2-39
PHEH27N,3.45286,3.22876,27,FH27N,FH27,H,False,0.22409999999999997,COVA2-39
PHEH27W,4.53376,4.11503,27,FH27W,FH27,H,False,0.41873000000000005,COVA2-39
PHEH27Y,3.53513,3.1894099999999996,27,FH27Y,FH27,H,False,0.34572000000000047,COVA2-39
PHEH27o,4.0747599999999995,3.7487699999999995,27,FH27o,FH27,H,False,0.32599,COVA2-39
