index,mut_chain,dg,dg_less,pdb_location_x,mut_x,wt,chain_x,wildtype,ddg_bind,mutation,loc,antibody_id_x,location,chain_y,aa_x,wild_type,coefficient,pdb,pdb_location_y,fasta_location,aa_y,antibody_id_y,aa_three,wt_pdb_foldx,wt_pdb,mut_y
7,TYRH58R,-0.08942810000000001,0.385918,58,YH58R,YH58,H,False,-0.4753461,R,,CV30,57,H,Y,True,116.54090920480982,6XE1,58,57,Y,CV30,TYR,YH58a,YH58,YH58Y
16,TYRH58N,1.08685,1.43648,58,YH58N,YH58,H,False,-0.3496299999999999,N,,CV30,57,H,Y,True,116.54090920480982,6XE1,58,57,Y,CV30,TYR,YH58a,YH58,YH58Y
18,TYRH58F,-0.429043,-0.330152,58,YH58F,YH58,H,False,-0.098891,F,,CV30,57,H,Y,True,116.54090920480982,6XE1,58,57,Y,CV30,TYR,YH58a,YH58,YH58Y
17,TYRH58W,0.058764599999999986,0.156521,58,YH58W,YH58,H,False,-0.0977564,W,,CV30,57,H,Y,True,116.54090920480982,6XE1,58,57,Y,CV30,TYR,YH58a,YH58,YH58Y
11,TYRH58M,-0.682085,-0.661104,58,YH58M,YH58,H,False,-0.020981000000000027,M,,CV30,57,H,Y,True,116.54090920480982,6XE1,58,57,Y,CV30,TYR,YH58a,YH58,YH58Y
15,TYRH58D,1.23995,1.24142,58,YH58D,YH58,H,False,-0.0014699999999998605,D,,CV30,57,H,Y,True,116.54090920480982,6XE1,58,57,Y,CV30,TYR,YH58a,YH58,YH58Y
0,TYRH58Y,0.0,0.0,58,YH58Y,YH58,H,True,0.0,Y,,CV30,57,H,Y,True,116.54090920480982,6XE1,58,57,Y,CV30,TYR,YH58a,YH58,YH58Y
6,TYRH58P,3.0748,3.0737200000000002,58,YH58P,YH58,H,False,0.0010799999999999699,P,,CV30,57,H,Y,True,116.54090920480982,6XE1,58,57,Y,CV30,TYR,YH58a,YH58,YH58Y
57,ASPH95Y,2.24133,2.43098,95,DH95Y,DH95,H,False,-0.18964999999999987,Y,,CV30,97,H,D,True,21.41054792014632,6XE1,95,97,D,CV30,ASP,DH95a,DH95,DH95D
40,ASPH95D,0.0,0.0,95,DH95D,DH95,H,True,0.0,D,,CV30,97,H,D,True,21.41054792014632,6XE1,95,97,D,CV30,ASP,DH95a,DH95,DH95D
20,ASPH101D,0.0,0.0,101,DH101D,DH101,H,True,0.0,D,1.0,CV30,105,H,D,True,84.37080718639051,6XE1,101,105,D,CV30,ASP,DH101a,DH101,DH101D
