chain_antibody,number_antibody,residue_antibody,closest distance,chain_virus,number_virus,residue_virus
H,27,PHE,3.233715201,C,487,ASN
H,28,ILE,3.961605104,C,476,GLY
H,31,SER,3.841808038,C,458,LYS
H,32,ASN,3.803072837,C,473,TYR
H,33,TYR,3.310712008,C,456,PHE
H,52,TYR,3.431899474,C,421,TYR
H,53,SER,3.642522889,C,421,TYR
H,54,GLY,3.610241128,C,421,TYR
H,56,SER,3.60494147,C,415,THR
H,58,PHE,3.928021512,C,415,THR
H,94,ARG,3.486604509,C,487,ASN
H,96,GLU,3.013689599,C,456,PHE
H,98,TRP,3.135580807,C,505,TYR
H,99,GLU,3.229949071,C,453,TYR
H,100,LEU,3.470298834,C,456,PHE
H,102,TYR,3.613243418,C,486,PHE
N,27,PHE,3.657338513,B,475,ALA
N,28,THR,3.239884103,B,476,GLY
N,30,SER,3.463221044,B,458,LYS
N,31,SER,3.273628568,B,473,TYR
N,32,ASN,3.597005143,B,475,ALA
N,33,TYR,3.596475219,B,455,LEU
N,52,TYR,3.422740423,B,417,LYS
N,53,SER,3.764963214,B,458,LYS
N,54,GLY,3.193224233,B,421,TYR
N,56,SER,3.499302073,B,420,ASP
N,96,GLU,3.251495195,B,417,LYS
N,98,TRP,3.683753521,B,417,LYS
N,99,GLU,3.980529236,B,455,LEU
N,100,LEU,3.50305952,B,456,PHE
L,28,GLY,3.412590512,C,502,GLY
L,29,GLY,3.21942324,C,502,GLY
L,30,TYR,3.670238548,C,505,TYR
L,31,LYS,3.363070918,C,495,TYR
L,32,TYR,3.613481701,C,505,TYR
L,91,TYR,3.894723353,C,403,ARG
L,93,GLY,3.687952549,C,408,ARG
S,29,GLY,3.493186797,B,502,GLY
S,30,TYR,3.621581008,B,505,TYR
S,31,LYS,2.97482655,B,501,ASN
S,32,TYR,3.827968913,B,505,TYR
S,91,TYR,3.2054736,B,505,TYR
S,93,GLY,3.117032082,B,405,ASP
S,95,ASN,3.508862209,B,417,LYS