index,mut_chain,dg,dg_less,pdb_location,mut,wt,chain,wildtype,ddg_bind,mutation,loc
50,GLYH101K,12.0826,14.9592,101,GH101K,GH101,H,False,-2.8766,K,1
52,GLYH101Q,14.2337,16.284000000000002,101,GH101Q,GH101,H,False,-2.0503000000000022,Q,1
41,GLYH101L,8.9132,10.3908,101,GH101L,GH101,H,False,-1.4776000000000007,L,1
49,GLYH101M,9.08822,9.96376,101,GH101M,GH101,H,False,-0.8755400000000009,M,1
4,SERH25V,0.5709489999999999,1.4302,25,SH25V,SH25,H,False,-0.859251,V,
51,GLYH101E,14.8069,15.622,101,GH101E,GH101,H,False,-0.8150999999999993,E,1
43,GLYH101I,12.3363,12.9818,101,GH101I,GH101,H,False,-0.6455000000000002,I,1
28,SERH56T,0.492042,1.11929,56,SH56T,SH56,H,False,-0.6272479999999998,T,
8,SERH25T,2.5552200000000003,3.17865,25,SH25T,SH25,H,False,-0.6234299999999999,T,
46,GLYH101T,10.9974,11.4766,101,GH101T,GH101,H,False,-0.4791999999999987,T,1
14,SERH25D,1.61409,2.0615,25,SH25D,SH25,H,False,-0.4474100000000001,D,
